Number of Clients,Throughput
10,75.75757575757575
20,434.7826086956522
30,638.2978723404256
40,833.3333333333334
50,1000.0
60,1276.595744680851
70,1555.5555555555557
80,1632.6530612244899
90,1836.734693877551
100,2040.8163265306123
