Number of Clients,Throughput
10,126.58227848101266
20,645.1612903225806
30,1034.4827586206898
40,1000.0
50,1086.9565217391305
60,1132.0754716981132
70,1891.8918918918919
80,2424.242424242424
90,900.0
100,2500.0
