Number of Clients,Throughput
10,357.14285714285717
20,666.6666666666666
30,625.0
40,1333.3333333333333
50,877.1929824561404
60,2068.9655172413795
70,2258.064516129032
80,1666.6666666666667
90,1914.8936170212767
100,1639.344262295082
