Number of Clients,Throughput
10,31.34796238244514
20,588.2352941176471
30,545.4545454545455
40,1176.4705882352941
50,892.8571428571429
60,1875.0
70,1707.3170731707316
80,1818.1818181818182
90,2045.4545454545455
100,1960.7843137254902
