Number of Clients,Throughput
10,285.7142857142857
20,303.030303030303
30,638.2978723404256
40,625.0
50,781.25
60,983.6065573770492
70,1489.3617021276596
80,1052.6315789473683
90,2647.0588235294117
100,2127.659574468085
