Number of Clients,Throughput
10,625.0
20,344.82758620689657
30,697.6744186046511
40,851.063829787234
50,793.6507936507936
60,750.0
70,875.0
80,1600.0
90,2812.5
100,1282.051282051282
